-- -- users +
-- INSERT INTO "user".public.users (id, about, activation_code, active, birthday, email, full_name, location, notifications_count, password, password_reset_code, profile_customized, profile_started, registration_date, role, tweet_count, username, website, like_count, media_tweet_count, country, gender, language, muted_direct_messages, phone, private_profile, country_code, background_color, color_scheme, pinned_tweet_id, unread_messages_count, avatar, wallpaper) VALUES (1, 'Hello2', null, true, null, 'merikbest2015@gmail.com', 'John Doe', 'Kyiv', 0, '$2a$08$1D3LToUL9ccJYqGDZNPH8uvTBwVFou5MobYvtgAakra6WdACQZWJK', null, true, true, '2021-08-01 23:34:32.000000', 'USER', 126, 'John Doe', 'https://www.google.com', 40, 44, 'UA', 'Cat', 'Ukrainian - українська', true, 666966623, false, 'UA', 'DEFAULT', 'BLUE', null, 1, 'https://twitterclonestorage.s3.eu-central-1.amazonaws.com/ae83099c-885b-499a-bb6f-5e34e1b69e7d_4ec7201fd370bd9870cdb326f0511f38.jpg', 'https://twitterclonestorage.s3.eu-central-1.amazonaws.com/dfc8a223-45fc-43da-8b7c-f76e2c2507cd_82ecbca14eb4999212c07257f41c70e7.jpg');
-- INSERT INTO "user".public.users (id, about, activation_code, active, birthday, email, full_name, location, notifications_count, password, password_reset_code, profile_customized, profile_started, registration_date, role, tweet_count, username, website, like_count, media_tweet_count, country, gender, language, muted_direct_messages, phone, private_profile, country_code, background_color, color_scheme, pinned_tweet_id, unread_messages_count, avatar, wallpaper) VALUES (2, 'Hello twitter!', null, true, 'Mar 10, 1991', 'test2015@test.test', 'MrCat', 'New York', 3, '$2a$08$1D3LToUL9ccJYqGDZNPH8uvTBwVFou5MobYvtgAakra6WdACQZWJK', null, true, true, '2021-08-01 23:34:32.000000', 'USER', 126, 'MrCat', 'https://www.google.com', 40, 44, 'UA', 'Cat', 'Ukrainian - українська', true, 666966623, false, 'UA', 'DEFAULT', 'BLUE', 40, 1, 'https://twitterclonestorage.s3.eu-central-1.amazonaws.com/348b7dbe-3ac5-477f-8483-edc24f53091b_814370.jpg', 'https://twitterclonestorage.s3.eu-central-1.amazonaws.com/d0e5b95f-acc0-47ef-b499-477f7e5a1a06_PrMnWa2z.jpg');
-- INSERT INTO "user".public.users (id, about, activation_code, active, birthday, email, full_name, location, notifications_count, password, password_reset_code, profile_customized, profile_started, registration_date, role, tweet_count, username, website, like_count, media_tweet_count, country, gender, language, muted_direct_messages, phone, private_profile, country_code, background_color, color_scheme, pinned_tweet_id, unread_messages_count, avatar, wallpaper) VALUES (3, 'Hello twitter!', '1234567890', true, 'Mar 10, 1991', 'test2016@test.test', 'MrCat', 'New York', 3, '$2a$08$1D3LToUL9ccJYqGDZNPH8uvTBwVFou5MobYvtgAakra6WdACQZWJK', '1234567890', true, true, '2021-08-01 23:34:32.000000', 'USER', 126, 'MrCat', 'https://www.google.com', 40, 44, 'UA', 'Cat', 'Ukrainian - українська', true, 666966623, true, 'UA', 'DEFAULT', 'BLUE', null, null, 'https://twitterclonestorage.s3.eu-central-1.amazonaws.com/348b7dbe-3ac5-477f-8483-edc24f53091b_814370.jpg', 'https://twitterclonestorage.s3.eu-central-1.amazonaws.com/d0e5b95f-acc0-47ef-b499-477f7e5a1a06_PrMnWa2z.jpg');
-- INSERT INTO "user".public.users (id, about, activation_code, active, birthday, email, full_name, location, notifications_count, password, password_reset_code, profile_customized, profile_started, registration_date, role, tweet_count, username, website, like_count, media_tweet_count, country, gender, language, muted_direct_messages, phone, private_profile, country_code, background_color, color_scheme, pinned_tweet_id, unread_messages_count, avatar, wallpaper) VALUES (4, 'Hello twitter!', null, true, 'Mar 10, 1991', 'test2017@test.test', 'MrCat', 'New York', 3, '$2a$08$1D3LToUL9ccJYqGDZNPH8uvTBwVFou5MobYvtgAakra6WdACQZWJK', null, true, true, '2021-08-01 23:34:32.000000', 'USER', 126, 'MrCat', 'https://www.google.com', 40, 44, 'UA', 'Cat', 'Ukrainian - українська', true, 666966623, true, 'UA', 'DEFAULT', 'BLUE', null, null, 'https://twitterclonestorage.s3.eu-central-1.amazonaws.com/348b7dbe-3ac5-477f-8483-edc24f53091b_814370.jpg', 'https://twitterclonestorage.s3.eu-central-1.amazonaws.com/d0e5b95f-acc0-47ef-b499-477f7e5a1a06_PrMnWa2z.jpg');
-- INSERT INTO "user".public.users (id, about, activation_code, active, birthday, email, full_name, location, notifications_count, password, password_reset_code, profile_customized, profile_started, registration_date, role, tweet_count, username, website, like_count, media_tweet_count, country, gender, language, muted_direct_messages, phone, private_profile, country_code, background_color, color_scheme, pinned_tweet_id, unread_messages_count, avatar, wallpaper) VALUES (5, 'Hello twitter!', null, true, 'Mar 10, 1991', 'test2018@test.test', 'MrCat', 'New York', 3, '$2a$08$1D3LToUL9ccJYqGDZNPH8uvTBwVFou5MobYvtgAakra6WdACQZWJK', null, true, true, '2021-08-01 23:34:32.000000', 'USER', 126, 'MrCat', 'https://www.google.com', 40, 44, 'UA', 'Cat', 'Ukrainian - українська', true, 666966623, true, 'UA', 'DEFAULT', 'BLUE', null, null, 'https://twitterclonestorage.s3.eu-central-1.amazonaws.com/348b7dbe-3ac5-477f-8483-edc24f53091b_814370.jpg', 'https://twitterclonestorage.s3.eu-central-1.amazonaws.com/d0e5b95f-acc0-47ef-b499-477f7e5a1a06_PrMnWa2z.jpg');
-- INSERT INTO "user".public.users (id, about, activation_code, active, birthday, email, full_name, location, notifications_count, password, password_reset_code, profile_customized, profile_started, registration_date, role, tweet_count, username, website, like_count, media_tweet_count, country, gender, language, muted_direct_messages, phone, private_profile, country_code, background_color, color_scheme, pinned_tweet_id, unread_messages_count, avatar, wallpaper) VALUES (6, 'Hello twitter!', null, true, 'Mar 10, 1991', 'test2019@test.test', 'MrCat', 'New York', 3, '$2a$08$1D3LToUL9ccJYqGDZNPH8uvTBwVFou5MobYvtgAakra6WdACQZWJK', null, true, true, '2021-08-01 23:34:32.000000', 'USER', 126, 'MrCat', 'https://www.google.com', 40, 44, 'UA', 'Cat', 'Ukrainian - українська', true, 666966623, false, 'UA', 'DEFAULT', 'BLUE', null, null, 'https://twitterclonestorage.s3.eu-central-1.amazonaws.com/348b7dbe-3ac5-477f-8483-edc24f53091b_814370.jpg', 'https://twitterclonestorage.s3.eu-central-1.amazonaws.com/d0e5b95f-acc0-47ef-b499-477f7e5a1a06_PrMnWa2z.jpg');
-- INSERT INTO "user".public.users (id, about, activation_code, active, birthday, email, full_name, location, notifications_count, password, password_reset_code, profile_customized, profile_started, registration_date, role, tweet_count, username, website, like_count, media_tweet_count, country, gender, language, muted_direct_messages, phone, private_profile, country_code, background_color, color_scheme, pinned_tweet_id, unread_messages_count, avatar, wallpaper) VALUES (7, 'Hello twitter!', null, true, 'Mar 10, 1991', 'test2020@test.test', 'MrCat', 'New York', 3, '$2a$08$1D3LToUL9ccJYqGDZNPH8uvTBwVFou5MobYvtgAakra6WdACQZWJK', null, true, true, '2021-08-01 23:34:32.000000', 'USER', 126, 'MrCat', 'https://www.google.com', 40, 44, 'UA', 'Cat', 'Ukrainian - українська', true, 666966623, false, 'UA', 'DEFAULT', 'BLUE', null, null, 'https://twitterclonestorage.s3.eu-central-1.amazonaws.com/348b7dbe-3ac5-477f-8483-edc24f53091b_814370.jpg', 'https://twitterclonestorage.s3.eu-central-1.amazonaws.com/d0e5b95f-acc0-47ef-b499-477f7e5a1a06_PrMnWa2z.jpg');

-- -- tweets +
-- INSERT INTO tweets (id, addressed_id, addressed_tweet_id, addressed_username, date_time, reply_type, text, author_id, link, link_cover, link_description, link_title, link_cover_size, scheduled_date, deleted, poll_id) VALUES (39, null, null, null, '2021-10-03 20:29:03.00vo0000', 'EVERYONE', 'test tweet',  2, null, null, null, null, null, '3021-10-03 20:33:36.000000', false, null);
-- INSERT INTO tweets (id, addressed_id, addressed_tweet_id, addressed_username, date_time, reply_type, text, author_id, link, link_cover, link_description, link_title, link_cover_size, scheduled_date, deleted, poll_id) VALUES (40, null, null, null, '2021-10-03 20:29:03.00vo0000', 'EVERYONE', 'test tweet',  2, null, null, null, null, null, null, false, 2);
-- INSERT INTO tweets (id, addressed_id, addressed_tweet_id, addressed_username, date_time, reply_type, text, author_id, link, link_cover, link_description, link_title, link_cover_size, scheduled_date, deleted, poll_id) VALUES (41, 2, 40, 'MrCat', '2021-10-03 20:31:55.000000', 'EVERYONE', 'test reply', 1, null, null, null, null, null, null, false, null);
-- INSERT INTO tweets (id, addressed_id, addressed_tweet_id, addressed_username, date_time, reply_type, text, author_id, link, link_cover, link_description, link_title, link_cover_size, scheduled_date, deleted, poll_id) VALUES (42, null, null, null, '2021-10-03 20:33:36.000000', 'EVERYONE', 'https://www.youtube.com/watch?v=ewZZNeYDiLo&ab_channel=TeamSESH', 2, 'https://www.youtube.com/watch?v=ewZZNeYDiLo&ab_channel=TeamSESH', 'https://i.ytimg.com/vi/ewZZNeYDiLo/mqdefault.jpg', null, 'Bones - RestInPeace', null, null, false, null);
-- INSERT INTO tweets (id, addressed_id, addressed_tweet_id, addressed_username, date_time, reply_type, text, author_id, link, link_cover, link_description, link_title, link_cover_size, scheduled_date, deleted, poll_id) VALUES (43, null, null, null, '2021-10-03 20:34:15.000000', 'EVERYONE', '#JetBrains https://www.jetbrains.com/ ', 2, 'https://www.jetbrains.com/', 'https://resources.jetbrains.com/storage/products/jetbrains/img/meta/preview.png', 'JetBrains is a cutting-edge software vendor specializing in the creation of intelligent development tools, including IntelliJ IDEA – the leading Java IDE, and the Kotlin programming language.', 'JetBrains', 'LARGE', null, false, null);
-- INSERT INTO tweets (id, addressed_id, addressed_tweet_id, addressed_username, date_time, reply_type, text, author_id, link, link_cover, link_description, link_title, link_cover_size, scheduled_date, deleted, poll_id) VALUES (44, null, null, null, '2021-10-03 20:36:25.000000', 'EVERYONE', 'test quote', 2, null, null, null, null, null, null, false, null);
-- INSERT INTO tweets (id, addressed_id, addressed_tweet_id, addressed_username, date_time, reply_type, text, author_id, link, link_cover, link_description, link_title, link_cover_size, scheduled_date, deleted, poll_id) VALUES (45, null, null, null, '2021-10-03 20:38:51.000000', 'EVERYONE', 'media tweet test', 1, null, null, null, null, null, null, false, null);
-- INSERT INTO tweets (id, addressed_id, addressed_tweet_id, addressed_username, date_time, reply_type, text, author_id, link, link_cover, link_description, link_title, link_cover_size, scheduled_date, deleted, poll_id) VALUES (46, null, null, null, '2021-10-03 20:38:51.000000', 'EVERYONE', 'hello world1', 2, null, null, null, null, null, null, false, null);
-- INSERT INTO tweets (id, addressed_id, addressed_tweet_id, addressed_username, date_time, reply_type, text, author_id, link, link_cover, link_description, link_title, link_cover_size, scheduled_date, deleted, poll_id) VALUES (47, null, null, null, '2021-10-03 20:39:51.000000', 'EVERYONE', 'hello world2', 2, null, null, null, null, null, null, false, null);
-- INSERT INTO tweets (id, addressed_id, addressed_tweet_id, addressed_username, date_time, reply_type, text, author_id, link, link_cover, link_description, link_title, link_cover_size, scheduled_date, deleted, poll_id) VALUES (48, null, null, null, '2021-10-03 20:40:51.000000', 'EVERYONE', 'hello world3', 2, null, null, null, null, null, null, false, 8);
-- INSERT INTO tweets (id, addressed_id, addressed_tweet_id, addressed_username, date_time, reply_type, text, author_id, link, link_cover, link_description, link_title, link_cover_size, scheduled_date, deleted, poll_id) VALUES (49, null, null, null, '2021-10-03 20:40:51.000000', 'EVERYONE', 'hello world3', 2, null, null, null, null, null, null, true, null);

-- -- tweet_quote
-- INSERT INTO tweet_quote (tweet_id, quote_tweet_id) VALUES (44, 43);
-- INSERT INTO tweet_quote (tweet_id, quote_tweet_id) VALUES (45, 40);

-- -- tweets_images
-- INSERT INTO tweets_images (tweet_id, images_id) VALUES (45, 1);

-- -- tweet_images
-- INSERT INTO tweet_images (id, src) VALUES (1, 'https://twitterclonestorage.s3.eu-central-1.amazonaws.com/0a6c735d-def8-4587-a29f-221915ef6cb4_ff2d023b3220f93bbc79233614dea542.jpg');

-- -- liked_tweets (like_tweets)
-- INSERT INTO liked_tweets (id, liked_tweet_date, tweet_id, user_id) VALUES (80, '2021-10-03 20:31:44.000000', 40, 1);
-- INSERT INTO liked_tweets (id, liked_tweet_date, tweet_id, user_id) VALUES (81, '2021-10-03 20:31:44.000000', 45, 2);

-- -- retweets
-- INSERT INTO retweets (id, retweet_date, tweet_id, user_id) VALUES (8, '2021-10-03 20:31:47.000000', 40, 1);
-- INSERT INTO retweets (id, retweet_date, tweet_id, user_id) VALUES (9, '2021-10-03 20:31:47.000000', 45, 2);

-- -- replies
-- INSERT INTO replies (tweet_id, reply_id) VALUES (40, 41);

-- -- quotes
-- INSERT INTO quotes (tweet_id, quote_id) VALUES (44, 43);
-- INSERT INTO quotes (tweet_id, quote_id) VALUES (45, 40);

-- -- polls
-- INSERT INTO polls (id, date_time, tweet_id) VALUES (2, '2021-10-10 20:29:03.812910', 40);
-- INSERT INTO polls (id, date_time, tweet_id) VALUES (8, '2021-10-10 20:29:03.812910', 48);

-- -- polls_poll_choices
-- INSERT INTO polls_poll_choices (poll_id, poll_choices_id) VALUES (2, 9);
-- INSERT INTO polls_poll_choices (poll_id, poll_choices_id) VALUES (2, 10);
-- INSERT INTO polls_poll_choices (poll_id, poll_choices_id) VALUES (8, 11);
-- INSERT INTO polls_poll_choices (poll_id, poll_choices_id) VALUES (8, 12);

-- -- poll_choices
-- INSERT INTO poll_choices (id, choice) VALUES (9, 'test 1');
-- INSERT INTO poll_choices (id, choice) VALUES (10, 'test 2');
-- INSERT INTO poll_choices (id, choice) VALUES (11, 'test 3');
-- INSERT INTO poll_choices (id, choice) VALUES (12, 'test 4');

-- -- poll_choice_voted (pool_choices_voted_user)
-- INSERT INTO poll_choice_voted (id, poll_choice_id, voted_user_id) VALUES (1, 10, 1);

-- -- tags
-- INSERT INTO tags (id, tag_name, tweets_quantity) VALUES (2, '#JetBrains', 1);
-- INSERT INTO tags (id, tag_name, tweets_quantity) VALUES (3, '#test', 1);

-- -- tweet_tags
-- INSERT INTO tweet_tags (id, tag_id, tweet_id) VALUES (1, 2, 43);
-- INSERT INTO tweet_tags (id, tag_id, tweet_id) VALUES (2, 3, 40);

-- -- bookmarks
-- INSERT INTO bookmarks (id, bookmark_date, tweet_id, user_id) VALUES (2, '2021-10-03 20:35:53.000000', 40, 2);

-- -- chats
-- INSERT INTO chats (id, creation_date) VALUES (8, '2021-10-03 20:29:55.000000');
-- INSERT INTO chats (id, creation_date) VALUES (10, '2021-10-03 20:29:55.000000');

-- -- chats_participants
-- INSERT INTO chats_participants (id, left_chat, chat_id, user_id) VALUES (3, false, 8, 2);
-- INSERT INTO chats_participants (id, left_chat, chat_id, user_id) VALUES (4, false, 8, 1);
-- INSERT INTO chats_participants (id, left_chat, chat_id, user_id) VALUES (5, false, 10, 2);
-- INSERT INTO chats_participants (id, left_chat, chat_id, user_id) VALUES (6, true, 10, 5);

-- -- chat_messages
-- INSERT INTO chat_messages (id, date, text, author_id, chat_id, tweet_id, is_unread) VALUES (5, '2021-10-03 20:39:55.000000', 'hello from MrCat', 2, 8, 40, true);
-- INSERT INTO chat_messages (id, date, text, author_id, chat_id, tweet_id, is_unread) VALUES (6, '2021-10-03 20:40:19.000000', 'hello from John Doe', 1, 8, null, false);
-- INSERT INTO chat_messages (id, date, text, author_id, chat_id, tweet_id, is_unread) VALUES (7, '2021-10-03 20:41:03.000000', 'test message 2 from John Doe', 1, 8, null, true);

-- -- lists
-- INSERT INTO lists (id, alt_wallpaper, description, private, name, list_owner_id, wallpaper) VALUES (4, 'https://pbs.twimg.com/media/EXZ2rMvVAAAAfrN?format=png&name=small', 'test list description', false, 'test list name', 2, null);
-- INSERT INTO lists (id, alt_wallpaper, description, private, name, list_owner_id, wallpaper) VALUES (5, 'https://pbs.twimg.com/media/EXZ2rMvVAAAAfrN?format=png&name=small', 'test list description', true, 'test list name', 1, null);
-- INSERT INTO lists (id, alt_wallpaper, description, private, name, list_owner_id, wallpaper) VALUES (6, 'https://pbs.twimg.com/media/EXZ2rMvVAAAAfrN?format=png&name=small', 'test list description', true, 'test list name', 2, null);
-- INSERT INTO lists (id, alt_wallpaper, description, private, name, list_owner_id, wallpaper) VALUES (7, 'https://pbs.twimg.com/media/EXZ2rMvVAAAAfrN?format=png&name=small', 'test list description', true, 'test list name', 1, null);
-- INSERT INTO lists (id, alt_wallpaper, description, private, name, list_owner_id, wallpaper) VALUES (8, 'https://pbs.twimg.com/media/EXZ2rMvVAAAAfrN?format=png&name=small', 'test list description', true, 'test list name', 1, null);
-- INSERT INTO lists (id, alt_wallpaper, description, private, name, list_owner_id, wallpaper) VALUES (9, 'https://pbs.twimg.com/media/EXZ2rMvVAAAAfrN?format=png&name=small', 'test list description', false, 'test list name', 1, null);
-- INSERT INTO lists (id, alt_wallpaper, description, private, name, list_owner_id, wallpaper) VALUES (10, 'https://pbs.twimg.com/media/EXZ2rMvVAAAAfrN?format=png&name=small', 'test list description', false, 'test list name', 5, null);

-- -- pinned_lists
-- INSERT INTO pinned_lists (id, pinned_date, list_id, pinned_user_id) VALUES (1, '2021-10-03 20:42:53.000000', 4, 2);
-- INSERT INTO pinned_lists (id, pinned_date, list_id, pinned_user_id) VALUES (2, '2021-10-03 20:42:53.000000', 6, 2);

-- -- lists_followers
-- INSERT INTO lists_followers (id, list_id, follower_id) VALUES (1, 4, 1);
-- INSERT INTO lists_followers (id, list_id, follower_id) VALUES (2, 7, 2);

-- -- lists_members
-- INSERT INTO lists_members (id, list_id, member_id) VALUES (1, 4, 1);
-- INSERT INTO lists_members (id, list_id, member_id) VALUES (2, 5, 1);
-- INSERT INTO lists_members (id, list_id, member_id) VALUES (3, 7, 2);
-- INSERT INTO lists_members (id, list_id, member_id) VALUES (4, 9, 1);

-- -- notifications
-- INSERT INTO notifications (id, date, notification_type, tweet_id, user_id, user_to_follow_id, list_id, notified_user_id) VALUES (37, '2021-10-03 20:31:44.000000', 'LIKE', 40, 1, null, null, 2);
-- INSERT INTO notifications (id, date, notification_type, tweet_id, user_id, user_to_follow_id, list_id, notified_user_id) VALUES (38, '2021-10-03 20:31:47.000000', 'RETWEET', 40, 1, null, null, 2);
-- INSERT INTO notifications (id, date, notification_type, tweet_id, user_id, user_to_follow_id, list_id, notified_user_id) VALUES (39, '2021-10-03 20:37:12.000000', 'FOLLOW', null, 2, 1, null, 1);
-- INSERT INTO notifications (id, date, notification_type, tweet_id, user_id, user_to_follow_id, list_id, notified_user_id) VALUES (40, '2021-10-03 20:37:20.000000', 'FOLLOW', null, 1, 2, null, 2);
-- INSERT INTO notifications (id, date, notification_type, tweet_id, user_id, user_to_follow_id, list_id, notified_user_id) VALUES (41, '2021-10-03 20:38:51.000000', 'TWEET', 46, 2, null, null, null);
-- INSERT INTO notifications (id, date, notification_type, tweet_id, user_id, user_to_follow_id, list_id, notified_user_id) VALUES (42, '2021-10-03 20:39:51.000000', 'TWEET', 47, 2, null, null, null);
-- INSERT INTO notifications (id, date, notification_type, tweet_id, user_id, user_to_follow_id, list_id, notified_user_id) VALUES (43, '2021-10-03 20:40:51.000000', 'TWEET', 48, 2, null, null, null);

-- -- user_subscriptions
-- INSERT INTO user_subscriptions (subscriber_id, user_id) VALUES (1, 2);
-- INSERT INTO user_subscriptions (subscriber_id, user_id) VALUES (2, 1);
-- INSERT INTO user_subscriptions (subscriber_id, user_id) VALUES (4, 2);
-- INSERT INTO user_subscriptions (subscriber_id, user_id) VALUES (4, 1);
--
-- -- user_follower_requests
-- INSERT INTO user_follower_requests (user_id, follower_id) VALUES (3, 1);
-- INSERT INTO user_follower_requests (user_id, follower_id) VALUES (3, 2);
-- INSERT INTO user_follower_requests (user_id, follower_id) VALUES (5, 2);
-- INSERT INTO user_follower_requests (user_id, follower_id) VALUES (2, 7);
--
-- -- user_blocked
-- INSERT INTO user_blocked (user_id, blocked_user_id) VALUES (2, 4);
-- INSERT INTO user_blocked (user_id, blocked_user_id) VALUES (5, 2);
-- INSERT INTO user_blocked (user_id, blocked_user_id) VALUES (6, 2);
--
-- -- user_muted
-- INSERT INTO user_muted (user_id, muted_user_id) VALUES (2, 1);
--
-- -- subscribers
-- INSERT INTO subscribers (user_id, subscriber_id) VALUES (2, 1);

-- -- topics
-- INSERT INTO topics (id, topic_category, topic_name) VALUES (1001, null, 'Elon Musk');
-- INSERT INTO topics (id, topic_category, topic_name) VALUES (1002, null, 'Technology');
-- INSERT INTO topics (id, topic_category, topic_name) VALUES (1003, null, 'Web development');
-- INSERT INTO topics (id, topic_category, topic_name) VALUES (1004, null, 'Entertainment');
-- INSERT INTO topics (id, topic_category, topic_name) VALUES (1005, null, 'Digital creators');
-- INSERT INTO topics (id, topic_category, topic_name) VALUES (1006, null, 'Kanye West');
-- INSERT INTO topics (id, topic_category, topic_name) VALUES (1007, 'GAMING', 'Animal Crossing');
-- INSERT INTO topics (id, topic_category, topic_name) VALUES (1008, 'GAMING', 'Minecraft');
-- INSERT INTO topics (id, topic_category, topic_name) VALUES (1009, 'GAMING', 'MrBeast');
-- INSERT INTO topics (id, topic_category, topic_name) VALUES (1010, 'GAMING', 'PewDiePie');
-- INSERT INTO topics (id, topic_category, topic_name) VALUES (1011, null, 'Science');
-- INSERT INTO topics (id, topic_category, topic_name) VALUES (1012, null, 'Cats');
-- INSERT INTO topics (id, topic_category, topic_name) VALUES (1013, null, 'Dogs');
-- INSERT INTO topics (id, topic_category, topic_name) VALUES (1014, null, 'Bitcoin');
-- INSERT INTO topics (id, topic_category, topic_name) VALUES (1015, null, 'Science');
-- INSERT INTO topics (id, topic_category, topic_name) VALUES (1016, null, 'Xbox');
-- INSERT INTO topics (id, topic_category, topic_name) VALUES (1017, 'GAMING', 'Game');
-- INSERT INTO topics (id, topic_category, topic_name) VALUES (1018, 'GAMING', 'Cyberpunk 2077');
-- INSERT INTO topics (id, topic_category, topic_name) VALUES (1019, 'ONLY_ON_TWITTER', 'Funny Tweets');
-- INSERT INTO topics (id, topic_category, topic_name) VALUES (1020, 'ONLY_ON_TWITTER', 'Viral Tweets');
-- INSERT INTO topics (id, topic_category, topic_name) VALUES (1021, 'ONLY_ON_TWITTER', 'Based on your searches');
-- INSERT INTO topics (id, topic_category, topic_name) VALUES (1022, 'ONLY_ON_TWITTER', 'Spaces You Might Like');
-- INSERT INTO topics (id, topic_category, topic_name) VALUES (1023, 'ONLY_ON_TWITTER', 'Popular images');
-- INSERT INTO topics (id, topic_category, topic_name) VALUES (1024, 'ONLY_ON_TWITTER', 'Popular videos');
-- INSERT INTO topics (id, topic_category, topic_name) VALUES (1025, 'ONLY_ON_TWITTER', 'Days of celebration');
-- INSERT INTO topics (id, topic_category, topic_name) VALUES (1026, 'ONLY_ON_TWITTER', 'On this day');
-- INSERT INTO topics (id, topic_category, topic_name) VALUES (1027, 'GAMING', 'Game development');
-- INSERT INTO topics (id, topic_category, topic_name) VALUES (1028, 'GAMING', 'Among Us');

-- -- topic_followers
-- INSERT INTO topic_followers (id, topic_id, user_id) VALUES (1, 1008, 2);
-- INSERT INTO topic_followers (id, topic_id, user_id) VALUES (2, 1017, 2);
-- INSERT INTO topic_followers (id, topic_id, user_id) VALUES (3, 1013, 2);
-- INSERT INTO topic_followers (id, topic_id, user_id) VALUES (4, 1012, 2);

-- -- topic_not_interested
-- INSERT INTO topic_not_interested (id, topic_id, user_id) VALUES (1, 1018, 2);
-- INSERT INTO topic_not_interested (id, topic_id, user_id) VALUES (2, 1019, 2);
